odm_dataset_schema,,,,,,,,
field_name,label,en,Context,th,km,vi,my,lo
title_translated,label,Title,title_translated.label,หัวข้อ,ចំណងជើង,Tiêu đề,ခေါင်းစဥ်,ຊື່ຊຸດຂໍ້ມູນ
title_translated,form_placeholder,Name given to the dataset.,title_translated.form_placeholder,ชื่อสำหรับชุดข้อมูล,ឈ្មោះបានផ្តល់ទៅសំណុំទិន្នន័យ,[[VI]] Name given to this dataset,ဤအချက်အလက်အစုကို ပေးထားသောအမည်,ຊື່ຂອງຊຸດຂໍ້ມູນ
name,label,URL,name.label,URL,អាសយដ្ឋាន URL,URL,ယူအာရ်အယ်လ်,URL
notes_translated,label,Abstract,notes_translated.label,บทคัดย่อ,ការពិពណ៌នា,Mô tả,ကောက်နုတ်ချက်,ບົດຄັດຫຍໍ້
notes_translated,form_placeholder,Short description explaining the content and its origins.,notes_translated.form_placeholder,คำอธิบายเนื้อหาและที่มาอย่างย่อ,ការពិពណ៌នាខ្លីដែលពន្យល់អំពីមាតិកា និងប្រភពដើមរបស់វា។,Mô tả ngắn gọn nhằm giải thích nội dung và nguồn gốc của bộ dữ liệu.,မာတိကာနှင့် ၎င်း၏မူလအကြောင်းအရာများကို ရှင်းပြထားသော အကျဉ်းချုပ်ဖော်ပြချက်,ອະທິບາຍຫຍໍ້ກ່ຽວກັບເນື້ອໃນ ແລະ ແຫຼ່ງທີ່ມາ
taxonomy,label,Dataset topic category,taxonomy.label,หมวดหมู่หัวข้อของชุดข้อมูล,ចំណាត់ថ្នាក់ប្រធានបទនៃសំណុំទិន្នន័យ,Loại chủ đề của bộ dữ liệu,အချက်အလက်အစု ခေါင်းစဉ်အမျိုးအစား,ປະເພດຫົວຂໍ້ຊຸດຂໍ້ມູນ
taxonomy,form_placeholder,"e.g. economy, mental health, government",taxonomy.form_placeholder,เช่น เศรษฐกิจ สุขภาพจิต รัฐบาล เป็นต้น,ឧ. សេដ្ឋកិច្ច សុខភាពផ្លូវចិត្ត រដ្ឋាភិបាល,"ví dụ: kinh tế, sức khỏe tinh thần, chính phủ",ဥပမာ စီးပွားရေး၊ စိတ်ကျန်းမာရေး၊ အစိုးရ,"ເຊັ່ນ: ເສດຖະກິດ, ສຸຂະພາບຈິດ, ລັດຖະບານ"
MD_DataIdentification_language,label,Language,MD_DataIdentification_language.label,ภาษา,ភាសា,Ngôn ngữ,ဘာသာစကား,ພາສາ
MD_DataIdentification_language,form_placeholder,"Language(s) of the dataset, including resources within dataset.",MD_DataIdentification_language.form_placeholder,ภาษาต่าง ๆ ของชุดข้อมูล รวมถึง ทรัพยากรภายในชุดข้อมูล,ភាសា (ច្រើន) នៃសំណុំទិន្នន័យរួមទាំងធនធាននៅក្នុងសំណុំទិន្នន័យ។,"(Các) Ngôn ngữ của bộ dữ liệu, bao gồm các tài nguyên trong bộ dữ liệu.",အချက်အလက်အစုရှိ အရင်းအမြစ်များ အပါအဝင် အချက်အလက်အစု၏ ဘာသာစကား(များ),ພາສາຂອງຊຸດຂໍ້ມູນ ລວມທັງແຫຼ່ງຂໍ້ມູນພາຍໃນຊຸດຂໍ້ມູນ
MD_Constraints,label,Use limitations,MD_Constraints.label,ข้อจำกัดการใช้งาน,កំហិតនៃការចូល និងប្រើប្រាស់,Hạn chế truy cập và sử dụng,အသုံးပြုခြင်းဆိုင်ရာ အကန့်အသတ်များ,ຂໍ້ຈຳກັດໃນການນຳໃຊ້
MD_Constraints,form_placeholder,A few sentences describing legal considerations for people who access the website and/or use its contents.,MD_Constraints.form_placeholder,คำอธิบายเกี่ยวกับข้อควรรู้ด้านกฎหมายสำหรับผู้ใช้งานเว็บไซต์และ/หรือใช้เนื้อหา,ប្រយោគពីរបីអធិប្បាយអំពីការពិចារណាផ្លូវច្បាប់សម្រាប់អ្នកដែលចូលប្រើគេហទំព័រនិង / ឬប្រើប្រាស់ខ្លឹមសាររបស់វា។,Một số câu mô tả các sự suy xét về pháp lý dối với những người truy cập trang web và/hoặc sử dụng nội dung của trang.,ဝက်ဘ်ဆိုက်အသုံးပြုခွင့်ရသူများ နှင့်/ သို့မဟုတ် ဝက်ဘ်ဆိုက်၏ အကြောင်းအရာများကို အသုံးပြုသူများအတွက် ဥပဒေရေးရာထည့်သွင်းစဉ်းစားချက်များကို ဖော်ပြသော ဝါကျအချို့,ອະທິບາຍຫຍໍ້ກ່ຽວກັບກົດລະບຽບທາງນິຕິກຳສຳລັບຜູ້ເຂົ້າຊົມ ແລະ ນຳໃຊ້ຂໍ້ມູນຂ່າວສານຈາກເວັບໄຊ.
owner_org,label,Organisation name,owner_org.label,ชื่อองค์กร,ឈ្មោះអង្គភាព,Tên của tổ chức,အဖွဲ့အစည်းအမည်,ຊື່ອົງການຈັດຕັ້ງ
CI_Citation_date,label,Dataset reference date,CI_Citation_date.label,วันที่ชุดข้อมูล,កាលបរិច្ឆេទយោងនៃសំណុំទិន្នន័យ,Ngày tham chiếu của bộ dữ liệu,အချက်အလက်အစုကို ရည်ညွှန်းသောရက်စွဲ,ວັນທີອ້າງອີງຂອງຊຸດຂໍ້ມູນ
CI_Citation_date,form_placeholder,Date the dataset was first Published by its creator.,CI_Citation_date.form_placeholder,วันที่ตีพิมพ์ชุดข้อมูลครั้งแรก,កាលបរិច្ឆេទដែលសំណុំទិន្នន័យបោះផ្សាយជាលើកដំបូងដោយអ្នកបង្កើតរបស់វា។,Ngày bộ dữ liệu được người tạo xuất bản lần đầu tiên.,အချက်အလက်အစုကို ဖန်တီးသူက ပထမဆုံး ထုတ်ဝေသည့် ရက်စွဲ,ວັນທີເຜີຍແຜ່ຊຸດຂໍ້ມູນຄັ້ງທໍາອິດໂດຍຜູ້ສ້າງ
MD_Metadata_dateStamp,label,Date uploaded,MD_Metadata_dateStamp.label,วันที่อัพโหลด,កាលបរិច្ឆេទនៃការដាក់បញ្ចូលទៅក្នុងមូលដ្ឋានទិន្នន័យ,Ngày đăng tải ,တင်သည့်ရက်စွဲ,ວັນທີອັບໂຫຼດ
MD_Metadata_dateStamp,form_placeholder,Date a new version or update of the dataset was uploaded.,MD_Metadata_dateStamp.form_placeholder,วันที่อัพโหลดชุดข้อมูลเวอร์ชั่นใหม่,កាលបរិច្ឆេទកំណែថ្មីឬការធ្វើបច្ចុប្បន្នភាពសំណុំទិន្នន័យដែលបានដាក់បញ្ចូលរួច។,Ngày phiên bản mới hoặc cập nhật của bộ dữ liệu được đăng tải.,အချက်အလက်အစု၏ ပြင်ဆင်ချက်အသစ် သို့မဟုတ် နောက်ဆုံးအခြေအနေ ကို တင်သည့်ရက်စွဲ,ວັນທີອັບໂຫຼດຊຸດຂໍ້ມູນທີ່ປ່ຽນແປງ ຫຼື ປັບປຸງໃໝ່
CI_Citation_lastRevision,label,Date of last revision,CI_Citation_lastRevision.label,วันที่ปรับปรุงล่าสุด,កាលបរិច្ឆេទនៃការពិនិត្យចុងក្រោយ,Ngày sửa đổi lần cuối,နောက်ဆုံးပြင်ဆင်သည့် ရက်စွဲ,ວັນທີແກ້ໄຂຫຼ້າສຸດ
CI_Citation_lastRevision,form_placeholder,Date a new version or update of the dataset was last uploaded.,CI_Citation_lastRevision.form_placeholder,วันที่ชุดข้อมูลเวอร์ชั่นใหม่อัพโหลดครั้งล่าสุด,កាលបរិច្ឆេទកំណែថ្មីឬការធ្វើបច្ចុប្បន្នភាពសំណុំទិន្នន័យត្រូវបានដាក់បញ្ចូលចុងក្រោយ។,Ngày phiên bản mới hoặc cập nhật của bộ dữ liệu được đăng tải lần cuối.,အချက်အလက်အစု၏ ပြင်ဆင်ချက်အသစ် သို့မဟုတ် နောက်ဆုံးအခြေအနေ ကို တင်သည့် နောက်ဆုံးရက်စွဲ,ວັນທີອັບໂຫຼດຄັ້ງຫຼ້າສຸດ ຂອງຊຸດຂໍ້ມູນທີ່ປ່ຽນແປງ ຫຼື ປັບປຸງໃໝ່
EX_TemporalExtent_startDate,label,Temporal extent's start date,EX_TemporalExtent_startDate.label,วันที่เริ่มใช้ขอบเขตชั่วคราว,ចន្លោះកាលបរិច្ឆេទបញ្ចប់,Ngày mở đầu của phạm vi tạm thời,ယာယီအတိုင်းအတာ၏ စတင်နေ့စွဲ,ວັນທີເລີ່ມຕົ້ນການເກັບກຳຂໍ້ມູນ
EX_TemporalExtent_startDate,form_placeholder,The start date for which the dataset is relevant (i.e. 2011-01-01:2011-12-31).,EX_TemporalExtent_startDate.form_placeholder,วันเริ่มต้นที่เกี่ยวข้องกับชุดข้อมูล (เช่น 2011-01-01:2011-12-31),កាលបរិច្ឆេទចាប់ផ្តើមសម្រាប់សំណុំទិន្នន័យដែលជាប់ទាក់ទង (ឧ.2011-01-01: 2011-12-31) ។,Ngày mở đầu mà bộ dữ liệu có liên quan (ví dụ: 2011-01-01:2011-12-31).,အချက်အလက်အစု သက်ဆိုင်မှု စတင်သည့် ရက်စွဲ (ဆိုလိုသည်မှာ 2011-01-01:2011-12-31),ວັນທີເລີ່ມຕົ້ນຂອງຊຸດຂໍ້ມູນທີ່ກ່ຽວຂ້ອງ (ເຊັ່ນ  2011-01-01:2011-12-31).
EX_TemporalExtent_endDate,label,Temporal extent's end date,EX_TemporalExtent_endDate.label,วันสุดท้ายของขอบเขตชั่วคราว,ចន្លោះកាលបរិច្ឆេទបញ្ចប់,Ngày kết thúc của phạm vi tạm thời,ယာယီအတိုင်းအတာ၏ ပြီးဆုံးနေ့စွဲ,ວັນທີສິ້ນສຸດການເກັບກຳຂໍ້ມູນ
EX_TemporalExtent_endDate,form_placeholder,The end date for which the dataset is relevant (i.e. 2011-01-01:2011-12-31).,EX_TemporalExtent_endDate.form_placeholder,วันสุดท้ายที่เกี่ยวข้องกับชุดข้อมูล (เช่น 2011-01-01:2011-12-31),កាលបរិច្ឆេទបញ្ចប់សម្រាប់សំណុំទិន្នន័យដែលជាប់ទាក់ទង (ឧ.2011-01-01: 2011-12-31) ។,Ngày kết thúc mà bộ dữ liệu có liên quan (ví dụ: 2011-01-01: 2011-12-31).,အချက်အလက်အစု သက်ဆိုင်မှု ပြီးဆုံးသည့် ရက်စွဲ (ဆိုလိုသည်မှာ 2011-01-01:2011-12-31),ວັນທີສິ້ນສຸດຂອງຊຸດຂໍ້ມູນທີ່ກ່ຽວຂ້ອງ (ເຊັ່ນ 2011-01-01:2011-12-31).
odm_spatial_range,label,GeoNames,odm_spatial_range.label,ชื่อทางภูมิศาสตร์,ឈ្មោះភូមិសាស្ត្រ,Cơ sở dữ liệu dịa lý,ဘူမိအမည်များ,ຊື່ທາງພູມສາດ
odm_spatial_range,form_placeholder,"The geographic area that the dataset is relevant to (i.e. Cambodia, Laos).",odm_spatial_range.form_placeholder,พื้นที่ที่ชุดข้อมูลเกี่ยวข้อง (เช่น กัมพูชา ลาว เป็นต้น),តំបន់ភូមិសាស្រ្តដែលពាក់ព័ន្ធនឹងសំណុំទិន្នន័យ (ឧ.,"Khu vực địa lý mà bộ dữ liệu có liên quan đến (ví dụ: Campuchia, Lào).",ဤအချက်အလက်အစုနှင့် သက်ဆိုင်သော ပထဝီဧရိယာ (ဆိုလိုသည်မှာ ကမ္ဘောဒီးယား၊ လာအို),"ພື້ນທີ່ພູມສັນຖານທີ່ກ່ຽວຂ້ອງກັບຊຸດຂໍ້ມູນ (ເຊັ່ນ ກຳປູເຈຍ, ລາວ)"
EX_GeographicBoundingBox_west,label,West bounding coordinates,EX_GeographicBoundingBox_west.label,พิกัดขอบเขตทิศตะวันตก,ព្រំកូអរដោនេខាងលិច,Các tọa độ ranh giới phía Tây,သတ်မှတ်ဧရိယာ၏ အနောက်ဘက် ကိုဩဒိနိတ်,ຈຸດພິກັດຂອບເຂດເບື້ອງຕາເວັນຕົກ
EX_GeographicBoundingBox_west,form_placeholder,The west point of the bounding box that the dataset is relevant to.,EX_GeographicBoundingBox_west.form_placeholder,จุดทิศตะวันตกของขอบเขตชุดข้อมูล,ចំណុចនៃព្រំកូអរដោនេខាងលិចដែលសំណុំទិន្នន័យពាក់ព័ន្ធ។,Điểm phía Tây của hộp ranh giới mà bộ dữ liệu có liên quan.,အချက်အလက်အစု သက်ရောက်သည့် သတ်မှတ်ဧရိယာ၏ အနောက်ဘက် အမှတ်,ຈຸດພິກັດເບື້ອງຕາເວັນຕົກຂອງຂອບເຂດຊຸດຂໍ້ມູນທີ່ກ່ຽວຂ້ອງ
EX_GeographicBoundingBox_east,label,East bounding coordinates,EX_GeographicBoundingBox_east.label,พิกัดขอบเขตทิศตะวันออก,ព្រំកូអរដោនេខាងកើត,Các tọa độ ranh giới phía Đông.,သတ်မှတ်ဧရိယာ၏ အရှေ့ဘက် ကိုဩဒိနိတ်,ຈຸດພິກັດຂອບເຂດເບື້ອງຕາເວັນອອກ
EX_GeographicBoundingBox_east,form_placeholder,The east point of the bounding box that the dataset is relevant to.,EX_GeographicBoundingBox_east.form_placeholder,จุดทิศตะวันออกของขอบเขตชุดข้อมูล,ចំណុចនៃព្រំកូអរដោនេខាងកើតដែលសំណុំទិន្នន័យពាក់ព័ន្ធ។,Điểm phía Đông của hộp ranh giới mà bộ dữ liệu có liên quan.,အချက်အလက်အစု သက်ရောက်သည့် သတ်မှတ်ဧရိယာ၏ အရှေ့ဘက် အမှတ်,ຈຸດພິກັດເບື້ອງຕາເວັນອອກຂອງຂອບເຂດຊຸດຂໍ້ມູນທີ່ກ່ຽວຂ້ອງ
EX_GeographicBoundingBox_south,label,South bounding coordinates,EX_GeographicBoundingBox_south.label,พิกัดขอบเขตทิศใต้,ព្រំកូអរដោនេខាងត្បូង,Các tọa độ ranh giới phía Nam.,သတ်မှတ်ဧရိယာ၏ တောင်ဘက် ကိုဩဒိနိတ်,ຈຸດພິກັດຂອບເຂດທາງທິດໃຕ້
EX_GeographicBoundingBox_south,form_placeholder,The south point of the bounding box that the dataset is relevant to.,EX_GeographicBoundingBox_south.form_placeholder,จุดทิศใต้ของขอบเขตชุดข้อมูล,ចំណុចនៃព្រំកូអរដោនេខាងត្បូងដែលសំណុំទិន្នន័យពាក់ព័ន្ធ។,Điểm phía Nam của hộp ranh giới mà bộ dữ liệu có liên quan.,အချက်အလက်အစု သက်ရောက်သည့် သတ်မှတ်ဧရိယာ၏ တောင်ဘက် အမှတ်,ຈຸດພິກັດທາງທິດໃຕ້ຂອງຂອບເຂດຊຸດຂໍ້ມູນທີ່ກ່ຽວຂ້ອງ
EX_GeographicBoundingBox_north,label,North bounding coordinates,EX_GeographicBoundingBox_north.label,พิกัดขอบเขตทิศเหนือ,ព្រំកូអរដោនេខាងជើង,Các tọa độ ranh giới phía Bắc.,သတ်မှတ်ဧရိယာ၏ မြောက်ဘက် ကိုဩဒိနိတ်,ຈຸດພິກັດຂອບເຂດທາງທິດເໜືອ
EX_GeographicBoundingBox_north,form_placeholder,The north point of the bounding box that the dataset is relevant to.,EX_GeographicBoundingBox_north.form_placeholder,จุดทิศเหนือของขอบเขตชุดข้อมูล,ចំណុចនៃព្រំកូអរដោនេខាងជើងដែលសំណុំទិន្នន័យពាក់ព័ន្ធ។,Điểm phía Bắc của hộp ranh giới mà bộ dữ liệu có liên quan.,အချက်အလက်အစု သက်ရောက်သည့် သတ်မှတ်ဧရိယာ၏ မြောက်ဘက် အမှတ်,ຈຸດພິກັດທາງທິດເໜືອຂອງຂອບເຂດຊຸດຂໍ້ມູນທີ່ກ່ຽວຂ້ອງ
MD_DataIdentification_spatialResolution,label,Spatial Resolution,MD_DataIdentification_spatialResolution.label,ความละเอียดเชิงพื้นที่,គុណភាពរូបភាពពីអវកាស,Độ phân giải không gian,နေရာအလိုက် ပုံရိပ်ပြတ်သားမှု,ຄວາມລະອຽດດ້ານທີ່ຕັ້ງ
MD_DataIdentification_spatialResolution,form_placeholder,Spatial Resolution of the dataset,MD_DataIdentification_spatialResolution.form_placeholder,ความละเอียดเชิงพื้นที่ของชุดข้อมูล,គុណភាពរូបភាពពីអវកាសរបស់សំណុំទិន្នន័យ,Độ phân giải không gian của bộ dữ liệu,အချက်အလက်အစု၏ နေရာအလိုက် ပုံရိပ်ပြတ်သားမှု,ຄວາມລະອຽດດ້ານທີ່ຕັ້ງຂອງຊຸດຂໍ້ມູນ
MD_DataIdentification_spatialReferenceSystem,label,Spatial Reference System,MD_DataIdentification_spatialReferenceSystem.label,ระบบอ้างอิงเชิงพื้นที่,ប្រព័ន្ធយោងក្នុងលំហ,Hệ tham chiếu không gian,နေရာဆိုင်ရာ ရည်ညွှန်းစနစ်,ລະບົບອ້າງອີງທີ່ຕັ້ງຈຸດພິກັດ
MD_DataIdentification_spatialReferenceSystem,form_placeholder,Spatial Reference System of the dataset,MD_DataIdentification_spatialReferenceSystem.form_placeholder,ระบบอ้างอิงเชิงพื้นที่ของชุดข้อมูล,ប្រព័ន្ធយោងក្នុងលំហនៃសំណុំទិន្នន័យ,Hệ tham chiếu không gian của bộ dữ liệu,အချက်အလက်အစု၏ နေရာဆိုင်ရာ ရည်ညွှန်းစနစ်,ລະບົບອ້າງອີງດ້ານທີ່ຕັ້ງຈຸດພິກັດຂອງຊຸດຂໍ້ມູນ
DQ_PositionalAccuracy,label,Positional Accuracy,DQ_PositionalAccuracy.label,ความแม่นยำเชิงตำแหน่ง,ភាពទៀងទាត់,Độ chính xác định vị,အနေအထား တိကျမှန်ကန်မှု,ຄວາມຊັດເຈນດ້ານທີ່ຕັ້ງ
DQ_PositionalAccuracy,form_placeholder,Details on the level of accuracy of the dataset and any existing issues.,DQ_PositionalAccuracy.form_placeholder,รายละเอียดระดับความแม่นยำของชุดข้อมูลและปัญหาที่มีอยู่,ព័ត៌មានលម្អិតអំពីកម្រិតនៃភាពទៀងទាត់នៃសំណុំទិន្នន័យនិងបញ្ហាដែលមានស្រាប់។,Các chi tiết về mức độ chính xác của bộ dữ liệu và bất kỳ vấn đề đang tồn tại nào.,အချက်အလက်အစု၏ တိကျမှုအဆင့်နှင့် လက်ရှိအခက်အခဲများနှင့်ပတ်သက်၍ အသေးစိတ်,ລາຍລະອຽດລະດັບຄວາມຊັດເຈນຂອງຊຸດຂໍ້ມູນ ແລະ ບັນຫາທີ່ກ່ຽວຂ້ອງ
DQ_QuantitativeAttribute ,label,Attribute Accuracy,DQ_QuantitativeAttribute .label,ความแม่นยำของคุณสมบัติ,ភាពទៀងទាត់,Độ chính xác thuộc tính,ဝိသေသဆိုင်ရာ တိကျမှန်ကန်မှု,ຄວາມຊັດເຈນຂອງລາຍການຊຸດຂໍ້ມູນ
DQ_QuantitativeAttribute ,form_placeholder,Details on the attribute accuracy of the dataset and any existing issues.,DQ_QuantitativeAttribute .form_placeholder,รายละเอียดความแม่นยำเชิงคุณสมบัติของชุดข้อมูลและปัญหาที่มีอยู่,ព័ត៌មានលម្អិតអំពីលក្ខណៈសម្បត្តិនៃភាពទៀងទាត់នៃសំណុំទិន្នន័យនិងបញ្ហាដែលមានស្រាប់។,Các chi tiết về độ chính xác thuộc tính của bộ dữ liệu và bất kỳ vấn đề đang tồn tại nào.,အချက်အလက်အစု၏ ဝိသေသဆိုင်ရာတိကျမှုအဆင့်နှင့် လက်ရှိအခက်အခဲများနှင့်ပတ်သက်၍ အသေးစိတ်,ລາຍລະອຽດຄວາມຊັດເຈນຂອງລາຍການຊຸດຂໍ້ມູນ ແລະ ບັນຫາທີ່ກ່ຽວຂ້ອງ
DQ_LogicalConsistency,label,Logical Consistency,DQ_LogicalConsistency.label,ความสอดคล้องเชิงตรรกะ,ភាពទៀងទាត់តាមហេតុផល,Tính nhất quán logic,ကျိုးကြောင်းဆီလျော်မှုရှိ၊ မရှိ,ຄວາມສອດຄ່ອງຕາມເຫດຜົນ
DQ_LogicalConsistency,form_placeholder,"Issues with logical consistency in the dataset and the steps, if any, being taken to validate its content.",DQ_LogicalConsistency.form_placeholder,ปัญหาความสอดคล้องเชิงตรรกะของชุดข้อมูลและ (ถ้ามี) ขั้นตอนเพื่อตรวจสอบเนื้อหา,បញ្ហាដែលពាក់ព័ន្ធនឹងភាពទៀងទាត់តាមហេតុផលក្នុងសំណុំទិន្នន័យនិងជំហាននានា ប្រសិនបើមាន នឹងត្រូវដាក់នៅក្នុងខ្លឹមសារដែលមានសុពលភាព។,"Các vấn đề có tính nhất quán logic trong bộ dữ liệu và các bước, nếu có, được thực hiện để xác thực nội dung của chúng.",အချက်အလက်အစုနှင့် လုပ်ငန်းအဆင့်များတွင် ကျိုးကြောင်းဆီလျော်မှုရှိ၊ မရှိ ကိစ္စရပ်များရှိခဲ့လျှင် ၎င်းအကြောင်းအရာသည် ကျိုးကြောင်းညီညွတ်ကြောင်း သက်သေပြခြင်း။,"ບັນຫາກ່ຽວກັບຄວາມສອດຄ່ອງຕາມເຫດຜົນຂອງຊຸດຂໍ້ມູນ ແລະ ຂັ້ນຕອນທີ່ໃຊ້ໃນການກວດສອບຄວາມຖືກຕ້ອງຂອງຂໍ້ມູນ, ຖ້າມີ."
DQ_Completeness,label,Completeness,DQ_Completeness.label,ความสมบูรณ์,ការចប់សព្វគ្រប់,Tính đầy đủ,ပြည့်စုံမှု,ຄວາມສົມບູນຂອງຂໍ້ຊຸດມູນ
DQ_Completeness,form_placeholder,"Brief description of the level of completeness of the dataset's contents and the steps, if any, being taken to make the dataset more complete.",DQ_Completeness.form_placeholder,คำอธิบายโดยย่อเรื่องระดับความสมบูรณ์ของเนื้อหาชุดข้อมูลและ (ถ้ามี) ขั้นตอนที่ทำให้ชุดข้อมูลสมบูรณ์ยิ่งขึ้น,ការពិពណ៌នាសង្ខេបនៃកម្រិតចប់សព្វគ្រប់នៃខ្លឹមសាររបស់សំណុំទិន្នន័យនិងជំហាននានា ប្រសិនបើមាន នឹងត្រូវដាក់ដើម្បីធ្វើឱ្យសំណុំទិន្នន័យកាន់តែពេញលេញ។,"Mô tả ngắn gọn về mức độ tính đầy đủ của nội dung bộ dữ liệu và các bước, nếu có, được thực hiện để làm cho bộ dữ liệu hoàn chỉnh hơn.",အချက်အလက်အစု၏ အကြောင်းအရာများနှင့် လုပ်ငန်းအဆင့်များ ပြီးပြည့်စုံမှုအဆင့်အတွက် အကျဉ်းချုပ်ဖော်ပြချက်ရှိလျှင် အချက်အလက်အစုကို ပိုမိုပြည့်စုံအောင် ပြုလုပ်ခြင်း။,"ອະທິບາຍໂດຍຫຍໍ້ກ່ຽວກັບລະດັບຄວາມສົມບູນຂອງເນື້ອໃນຂອງຊຸດຂໍ້ມູນນີ້ ແລະ ຂັ້ນຕອນທີ່ໃຊ້ເພື່ອເຮັດໃຫ້ຊຸດຂໍ້ມູນມີຄວາມສົມບູນກວ່າເກົ່າ, ຖ້າມີ."
LI_ProcessStep,label,Process Step,LI_ProcessStep.label,ขั้นตอนของกระบวนการ,ជំហាននៃដំណើរ,(Các) quy trình thu thập và xử lý dữ liệu,ဖြစ်စဉ်,ຂັ້ນຕອນການປະມວນຂໍ້ມູນ
LI_ProcessStep,form_placeholder,"The steps taken to acquire, aggregate, or transform any of the resources in the dataset.",LI_ProcessStep.form_placeholder,ขั้นตอนหาข้อมูล รวบรวมข้อมูล หรือแปลงข้อมูลในชุดข้อมูล,ជំហានដែលត្រូវធ្វើដើម្បីទទួលបាន ប្រមូលផ្តុំ ឬផ្លាស់ប្តូរធនធានណាមួយនៅក្នុងសំណុំទិន្នន័យ។,"Các bước thực hiện để thu thập, tổng hợp hoặc chuyển đổi bất kỳ tài nguyên nào trong bộ dữ liệu.",အချက်အလက်အစုရှိ ရင်းမြစ်များကို ရယူခြင်း၊ စုဆောင်းခြင်း သို့မဟုတ် ပုံစံပြောင်းခြင်း အဆင့်များ,"ຂັ້ນຕອນທີ່ໃຊ້ໃນການເກັບກຳ, ຮວບຮວມ, ຫຼື ດັດແປງແຫຼ່ງຂໍ້ມູນໃນຊຸດຂໍ້ມູນນີ້."
LI_Lineage,label,Lineage,LI_Lineage.label,แหล่งที่มา,Lineage,(Các) nguồn,ရင်းမြစ်များ,ແຫຼ່ງທີ່ມາ
LI_Lineage,form_placeholder,Ordered citations for all information sources that went into producing the dataset.,LI_Lineage.form_placeholder,การอ้างอิงแหล่งข้อมูลทั้งหมดที่นำไปผลิตชุดข้อมูล,តម្រូវអោយមានសម្រង់តាមប្រភពព័ត៌មានទាំងអស់ដែលបានទាញមកប្រើក្នុងការផលិតសំណុំទិន្នន័យ។,Các trích dẫn theo trật tự dành cho tất cả các nguồn thông tin đã đưa vào bộ dữ liệu.,အချက်အလက်အစုတည်ဆောက်ရာတွင် သုံးခဲ့သည့် ရင်းမြစ်အားလုံးအတွက် အစဉ်လိုက်စီထားသော အကိုးအကားများ ,ລຽງລຳດັບເອກະສານອ້າງອີງສຳລັບແຫຼ່ງຂໍ້ມູນທັງໝົດທີ່ໃຊ້ໃນການສ້າງຊຸດຂໍ້ມູນນີ້.
CI_ResponsibleParty_contact,label,Responsible party,CI_ResponsibleParty_contact.label,ฝ่ายงานรับผิดชอบ,ភាគីទទួលខុសត្រូវ,Liên hệ,တာဝန်ရှိသော အဖွဲ့အစည်း,ໜ່ວຍງານຮັບຜິດຊອບ
CI_ResponsibleParty_contact,form_placeholder,"Contact information for the individual or organization that is responsible for or most knowledgeable about the dataset. This could be the author of a report, the contact information for the relevant department of an organization that produced a report, or the data analyst, mapper or researcher that produced a dataset or report.",CI_ResponsibleParty_contact.form_placeholder,ข้อมูลติดต่อรายบุคคลหรือองค์กรที่มีหน้าที่รับผิดชอบหรือมีความรู้มากที่สุดเกี่ยวกับชุดข้อมูล สามารถเป็นผู้เขียนรายงาน ข้อมูลติดต่อของหน่วยงานที่จัดทำรายงาน หรือนักวิเคราะห์ข้อมูล นักแผนที่ หรือนักวิจัยที่จัดทำชุดข้อมูลหรือรายงาน,ព័ត៌មានទំនាក់ទំនងសម្រាប់បុគ្គល ឬអង្គការដែលទទួលខុសត្រូវ ឬដឹងអំពីសំណុំទិន្នន័យនេះ។ ផ្នែកនេះអាចជាអ្នកនិពន្ធនៃរបាយការណ៍ ព័ត៌មានទំនាក់ទំនងសម្រាប់នាយកដ្ឋានពាក់ព័ន្ធរបស់ស្ថាប័នដែលបានបង្កើតរបាយការណ៍ ឬអ្នកវិភាគទិន្នន័យ អ្នកធ្វើផែនទី ឬអ្នកស្រាវជ្រាវដែលបានបង្កើតសំណុំទិន្នន័យ ឬរបាយការណ៍នេះ។,"Thông tin liên lạc dành cho cá nhân hoặc tổ chức chịu trách nhiệm hoặc có hiểu biết nhiều nhất về bộ dữ liệu. Có thể là tác giả của một báo cáo, thông tin liên lạc dành cho bộ phận liên quan của một tổ chức đã lập báo cáo hoặc nhà phân tích dữ liệu, người lập bản đồ hoặc nhà nghiên cứu đã lập bộ dữ liệu hoặc báo cáo.",အချက်အလက်အစုနှင့်ပတ်သက်၍ နှံ့စပ်သော သို့မဟုတ် တာဝန်ရှိသော ပုဂ္ဂိုလ် သို့မဟုတ် အဖွဲ့အစည်းအတွက် ဆက်သွယ်ရန် အချက်အလက်။ အစီရင်ခံစာရေးသူ၊ အစီရင်ခံစာပြုစုသည့်အဖွဲ့၏ သက်ဆိုင်ရာဌာန၊ သို့မဟုတ် အချက်အလက်အစု သို့မဟုတ် အစီရင်ခံစာ ပြုစုသော အချက်အလက်ဆန်းစစ်သူ၊ ပုံဆွဲသူ သို့မဟုတ် သုတေသီ တို့အတွက် ဆက်သွယ်ရန် အချက်အလက် ဖြစ်နိုင်ပါသည်။,"ຂໍ້ມູນຕິດຕໍ່ຂອງບຸກຄົນ ຫຼື ອົງການຈັດຕັ້ງທີ່ຮັບຜິດຊອບ ຫຼື ມີຄວາມຊ່ຽວຊານກ່ຽວກັບຊຸດຂໍ້ມູນນີ້. ອາດຈະເປັນຜູ້ຂຽນບົດລາຍງານ ຫຼື ຂໍ້ມູນຕິດຕໍ່ຂອງພະແນກ ຫຼື ອົງການຈັດຕັ້ງທີ່ກ່ຽວຂ້ອງກັບການເຮັດບົດລາຍງານ ຫຼື ວິເຄາະຂໍ້ມູນ, ຜູ້ສ້າງແຜນທີ່ ຫຼື ນັກຄົ້ນຄວ້າທີ່ສ້າງຊຸດຂໍ້ມູນ ຫຼື ບົດລາຍງານ."
MD_Metadata_contact,label,Metadata creator information,MD_Metadata_contact.label,ข้อมูลผู้สร้างคำอธิบายชุดข้อมูล ,ព័ត៌មានជាអំនះអំនាងនៃទិន្នន័យមេ,Thông tin người tạo Metadata.,Metadata ကို ဖန်တီးသူ၏ သတင်းအချက်အလက်,ຂໍ້ມູນການສ້າງ metadata
MD_Metadata_contact,form_placeholder,Information about how up-to-date the metadata is and who is responsible for maintaining it.,MD_Metadata_contact.form_placeholder,ข้อมูลแนวทางการปรับปรุงคำอธิบายชุดข้อมูลและผู้รับผิดชอบดูแล,ព័ត៌មានអំពីបច្ចុប្បន្នភាពនៃព័ត៌មាន,Thông tin về cách cập nhật metadata và người chịu trách nhiệm duy trì.,metadata ၏နောက်ဆုံးအခြေအနေနှင့် ၎င်းကိုထိန်းသိမ်းရန်တာဝန်ရှိသူနှင့် သက်ဆိုင်သော သတင်းအချက်အလက်,ຂໍ້ມູນກ່ຽວກັບຄວາມໃໝ່ຂອງ metadata ແລະ ຜູ້ຮັບຜິດຊອບໃນການຄຸ້ມຄອງຮັກສາ metadata ຂອງຊຸດຂໍ້ມູນ.
MD_ScopeDescription_attributes,label,Attributes,MD_ScopeDescription_attributes.label,คุณสมบัติ,លក្ខណៈសម្បត្តិ,Thuộc tính,၀ိသေသများ,ລາຍການໃນຊຸດຂໍ້ມູນ
MD_ScopeDescription_attributes,form_placeholder,Details about the information content of the dataset.,MD_ScopeDescription_attributes.form_placeholder,รายละเอียดเนื้อหาของชุดข้อมูล,ព័ត៌មានលម្អិតអំពីខ្លឹមសារព័ត៌មាននៃសំណុំទិន្នន័យ។,Chi tiết về nội dung thông tin của bộ dữ liệu.,အချက်အလက်အစု၏ အချက်အလက်ပါဝင်မှု အသေးစိတ်,ລາຍລະອຽດກ່ຽວກັບເນື້ອໃນຂໍ້ມູນຂອງຊຸດຂໍ້ມູນ
MD_DataIdentification_keywords,label,GEMET controlled keywords,MD_DataIdentification_keywords.label,คำสำคัญ GEMET ที่บัญญัติไว้,ពាក្យគន្លឹះដែលបានត្រួតពិនិត្យរបស់ GEMET ,GEMET kiểm soát các từ khóa,GEMETက ထိန်းချုပ်ထားသော အဓိက စကားလုံးများ,ຄຳສັບຄວບຄຸມຂອງ GEMET
MD_DataIdentification_keywords,form_placeholder,A few sentences describing GEMET keywords.,MD_DataIdentification_keywords.form_placeholder,ประโยคอธิบายคำสำคัญ GEMET,ប្រយោគមួយចំនួនពណ៌នាអំពីពាក្យគន្លឹះ GEMET ។,Một số câu mô tả từ khóa GEMET.,GEMET အဓိက စကားလုံးများကို ဖော်ပြထားသော ဝါကျအချို့,ອະທິບາຍຫຍໍ້ກ່ຽວກັບຄຳສັບຫຼັກຂອງ GEMET
CI_Citation_identAuth,label,Identifier code,CI_Citation_identAuth.label,รหัสประจำตัว,លេខសម្គាល់អត្តសញ្ញាណ,Mã định danh,ခွဲခြားနိုင်မှု ကုဒ်,ລະຫັດຢືນຢັນຂໍ້ມູນ
CI_Citation_identAuth,form_placeholder,A few sentences describing the Identifier code,CI_Citation_identAuth.form_placeholder,ประโยคอธิบายรหัสประจำตัว,ប្រយោគមួយចំនួនអធិប្បាយអំពីលេខសម្គាល់អត្តសញ្ញាណ,Một số câu mô tả mã định danh,ခွဲခြားနိုင်မှု ကုဒ်အကြောင်း ဖော်ပြထားသော ဝါကျအချို့,ອະທິບາຍຫຍໍ້ກ່ຽວກັບລະຫັດຢືນຢັນຂໍ້ມູນ
MD_LegalConstraints,label,Limitations on public access,MD_LegalConstraints.label,ข้อจำกัดการเข้าถึงแบบสาธารณะ,ការដាក់កំហិតលើការចូលប្រើជាសាធារណៈ,Các hạn chế truy cập công cộng,လူထုအသုံးပြုခွင့်အပေါ် ကန့်သတ်ချက်များ,ຂໍ້ຈຳກັດໃນການເຂົ້າເຖິງຂອງຜູ້ໃຊ້
MD_LegalConstraints,form_placeholder,A few sentences describing the Limitations on public access,MD_LegalConstraints.form_placeholder,ประโยคอธิบายข้อจำกัดการเข้าถึงแบบสาธารณะ,ប្រយោគមួយចំនួនអធិប្បាយអំពីការដាក់កំហិតលើការចូលប្រើជាសាធារណៈ,Một số câu mô tả các hạn chế truy cập công cộng,လူထုအသုံးပြုခွင့်အပေါ် ကန့်သတ်ချက်များကို ဖော်ပြထားသော ဝါကျအချို့,ອະທິບາຍຫຍໍ້ກ່ຽວກັບຂໍ້ຈຳກັດໃນການເຂົ້າເຖິງຂອງຜູ້ໃຊ້
MD_Format_version,label,Format version,MD_Format_version.label,เวอร์ชันการจัดรูปแบบ,កំណែទ្រង់ទ្រាយ,Phiên bản dịnh dạng,ပုံစံ ပြင်ဆင်ချက်,ເວີຊັ້ນການຈັດຮູບແບບ
MD_Format_version,form_placeholder,A few sentences describing the Format version,MD_Format_version.form_placeholder,ประโยคอธิบายเวอร์ชันการจัดรูปแบบ,ប្រយោគមួយចំនួនអធិប្បាយអំពីកំណែទ្រង់ទ្រាយ,Một số câu mô tả phiên bản định dạng,ပုံစံ ပြင်ဆင်ချက်အကြောင်း ဖော်ပြထားသော ဝါကျအချို့,ອະທິບາຍຫຍໍ້ກ່ຽວກັບເວີຊັ້ນການຈັດຮູບແບບ
CI_Citation_updateFreq,label,Update Frequency,CI_Citation_updateFreq.label,ความถี่ในการปรับปรุง,ប្រេកង់នៃការធ្វើបច្ចុប្បន្នភាព,Cập nhật tần số,ပြင်ဆင်မှု အကြိမ်,ຄວາມຖີ່ໃນການປັບປຸງ
CI_Citation_updateFreq,form_placeholder,Update Frequency,CI_Citation_updateFreq.form_placeholder,ความถี่ในการปรับปรุง,ប្រេកង់នៃការធ្វើបច្ចុប្បន្នភាព,Cập nhật tần số,ပြင်ဆင်မှု အကြိမ်,ຄວາມຖີ່ໃນການປັບປຸງ
license_id,label,License,license_id.label,สัญญาอนุญาต,អាជ្ញាប័ណ្ណ,Giấy phép,ခွင့်ပြုချက်,ສັນຍາລິຂະສິດ
license_id,help_text,License definitions and additional information can be found at http://opendefinition.org/,license_id.help_text,สามารถอ่านเพิ่มเติมนิยามใบอนุญาตและข้อมูลได้ที่ http://opendefinition.org/,និយមន័យអាជ្ញាប័ណ្ណនិងព័ត៌មានបន្ថែមអាចត្រូវបានរកឃើញនៅ http://opendefinition.org/,Bạn có thể xem các định nghĩa cấp phép và thông tin bổ sung tại http://opendefinition.org/,ခွင့်ပြုချက်၏အဓိပ္ပာယ်နှင့် အခြားအချက်အလက်များကို http://opendefinition.org/ တွင် ဝင်ရောက်ကြည့်ရှုနိုင်ပါသည်။,ນິຍາມສັນຍາລິຂະສິດ ແລະ ຂໍ້ມູນເພີ່ມເຕີມສາມາດເບິ່ງໄດ້ທີ່ http://opendefinition.org/
odm_copyright,label,Copyright,odm_copyright.label,ลิขสิทธิ์,សិទ្ធិ,Bản quyền,မူပိုင်ခွင့်,ລິຂະສິດ
odm_copyright,help_text,"Select 'Yes', 'No', 'Unclear copyright' or 'To be determined' about the copyright of the dataset. If copyright of any type is present, describe further in Access and User Constraints.",odm_copyright.help_text,เลือก 'ใช่' 'ไม่ใช่' 'ใบอนุญาตไม่ชัดเจน' หรือ 'จะได้รับการพิจารณาภายหลัง' สำหรับลิขสิทธิ์ชุดข้อมูล ถ้าชุดข้อมูลมีกำหนดลิขสิทธิ์ประเภทใดประเภทหนึ่ง ให้อธิบายเพิ่มเติมในหัวข้อ ข้อจำกัดการเข้าถึงและผู้ใช้,"ជ្រើសរើសយក 'បាទ / ចាស', 'រក្សាសិទ្ធិមិនច្បាស់' ឬ 'នឹងត្រូវបានកំណត់' អំពីការរក្សាសិទ្ធិនៃសំណុំទិន្នន័យ។ ប្រសិនបើការរក្សាសិទ្ធិនៃប្រភេទណាមួយមានវត្តមាន, សូមពិពណ៌នាបន្ថែមទៀតនៅក្នុងកំហិតនៃការចូល និងប្រើប្រាស់។","Chọn 'Có', 'Không', 'Bản quyền không rõ ràng' hoặc 'Cần được xác định' về bản quyền của bộ dữ liệu. Nếu có bản quyền thuộc bất kỳ loại nào, hãy mô tả thêm trong Truy cập và ràng buộc các hành động của người dùng.",အချက်အလက်မူပိုင်ခွင့်အတွက် 'ရှိသည်'၊ 'မရှိပါ'၊ 'မရှင်းလင်းသော မူပိုင်ခွင့်' သို့မဟုတ် 'ဆုံးဖြတ်ရန်လိုအပ်သော' တို့ကို ရွေးချယ်ပါ။ အခြားပုံစံ မူပိုင်ခွင့်ရှိပါက အသုံးပြုခွင့်နှင့် အသုံးပြုသူ ကန့်သတ်ချက်များ ခေါင်းစဉ်အောက်တွင် နောက်ထပ် ဖော်ပြပါ။,"ເລືອກ 'ມີ', 'ບໍ່ມີ', 'ລິຂະສິດບໍ່ຈະແຈ້ງ', ຫຼື 'ຍັງບໍ່ກຳນົດ' ກ່ຽວກັບລິຂະສິດຂອງຊຸດຂໍ້ມູນ. ຖ້າມີລິຂະສິດ ໃຫ້ອະທິບາຍເພີ່ມເຕີມໃນຊ່ອງ ຂໍ້ຈຳກັດໃນການເຂົ້າເຖິງ ແລະ ນຳໃຊ້."
version,label,Version,version.label,เวอร์ชัน,កំណែ,Phiên bản,ပြင်ဆင်ချက်,ເວີຊັ້ນ
version,form_placeholder,Dataset's version (eg. 1.0),version.form_placeholder,เวอร์ชันชุดข้อมูล (เช่น 1.0),កំណែសំណុំទិន្នន័យ (ឧ. 1.0),Phiên bản bộ dữ liệu (ví dụ: 10),အချက်အလက်အစု၏ ပြင်ဆင်ချက် (ဥပမာ 1.0),ເວີຊັ້ນຂອງຊຸດຂໍ້ມູນ (ເຊັ່ນ 1.0)
odm_province,label,Province(s),odm_province.label,จังหวัด,ខេត្ត(ច្រើន),(Các) Tỉnh,နယ်ပယ်,ແຂວງ
odm_province,form_placeholder,The province(s) this dataset relates to,odm_province.form_placeholder,จังหวัดที่เกี่ยวข้องกับชุดข้อมูลนี้,ខេត្ត(ច្រើន) ឬរាជធានីដែលជាប់ពាក់ព័ន្ធនឹងសំណុំទិន្នន័យ,(Các) Tỉnh mà bộ dữ liệu này có liên quan,ဤအချက်အလက်အစုနှင့် သက်ဆိုင်သော နယ်ပယ်,ແຂວງທີ່ກ່ຽວຂ້ອງກັບຊຸດຂໍ້ມູນນີ້
odm_reference_document,label,Legacy reference document,odm_reference_document.label,เอกสารอ้างอิงแบบเดิม,ឈ្មោះឯកសារយោងរក្សាទុក,Tài liệu tham khảo kế thừa,ဆက်ခံရရှိကြောင်းညွှန်းဆိုသည့်စာတမ်း,ເອກະສານອ້າງອີງສະເພາະ
odm_reference_document,form_placeholder,e.g Tong_Min_Group_Engineering__21.06.2011.pdf,odm_reference_document.form_placeholder,เช่น Tong_Min_Group_Engineering__21.06.2011.pdf,ឧ.Tong_Min_Group_Engineering__21.06.2011.pdf,ví dụ: Tong_Min_Group_Engineering__21.06.2011.pdf,ဥပမာ Tong_Min_Group_Engineering__21.06.2011.pdf,ຕົວຢ່າງ Tong_Min_Group_Engineering__21.06.2011.pdf
maintainer,label,Maintainer,maintainer.label,ผู้ดูแล,អ្នកថែទាំ,Người cập nhật dữ liệu,ထိန်းသိမ်းစောင့်ရှောက်သူ,ຜູ້ຄຸ້ມຄອງ
maintainer_email,label,Maintainer email,maintainer_email.label,อีเมล์ผู้ดูแล,អ៊ីម៉ែលរបស់អ្នកថែទាំ,Email người cập nhật dữ liệu,ထိန်းသိမ်းစောင့်ရှောက်သူ၏ အီးမေးလ်,ອີເມວຜູ້ຄຸ້ມຄອງ
author,label,Author,author.label,ผู้เขียน,អ្នកនិពន្ធ,Tác giả,ရေးသားသူ,ຜູ້ອັບໂຫຼດ
author_email,label,Author email,author_email.label,อีเมล์ผู้เขียน,អ៊ីម៉ែលរបស់អ្នកនិពន្ធ,Email của tác giả,ရေးသားသူ၏ အီးမေးလ်,ອີເມວຜູ້ອັບໂຫຼດ
odm_db_table,label,Database table?,odm_db_table.label,เป็นตารางฐานข้อมูล?,តារាងមូលដ្ឋានទិន្នន័យ?,Bảng dữ liệu,Database ဇယား?,ເປັນນຕາຕະລາງຖານຂໍ້ມູນ?
odm_db_table,help_text,INTERNAL USE ONLY: Select true if this record contains CSV and/or XLS resources available in the datastore.,odm_db_table.help_text,สำหรับใช้ภายในเท่านั้น: หากมีเอกสาร CSV และ/หรือ XLS ปรากฎในรายการบันทึกนี้ ให้เลือกช่องนี้,ប្រើផ្ទៃក្នុង: ជ្រើស,CHỈ SỬ DỤNG NỘI BỘ: Chọn đúng nếu bộ dữ liệu này chứa tài nguyên CSV và/hoặc XLS có sẵn trong kho dữ liệu.,အဖွဲ့အတွင်း အသုံးပြုသူများသာ - အချက်အလက်သိုမှီးရာတွင် ရရှိနိုင်သော CSV နှင့်/ သို့မဟုတ် XLS ရင်းမြစ်များ ဤမှတ်တမ်းတွင် ပါရှိလျှင် true ကို ရွေးပါ။,ນຳໃຊ້ສະເພາະພາຍໃນເທົ່ານັ້ນ: ກະລຸນາເລືອກ true ຖ້າວ່າລາຍການຂໍ້ມູນໃນບ່ອນຈັດເກັບຂໍ້ມູນນີ້ ປະກອບດ້ວຍແຫຼ່ງຂໍ້ມູນທີ່ເປັນ CSV ແລະ/ຫຼື XLS.
odm_keywords,label,Keywords,odm_keywords.label,คำสำคัญ,ពាក្យគន្លឹះ,Các từ khóa,အဓိကစကားလုံးများ,ຄຳສັບຫຼັກ
odm_keywords,help_text,INTERNAL USE ONLY: Enter keywords for improving the discoverability of this record via search,odm_keywords.help_text,สำหรับใช้ภายในเท่านั้น: ใส่คำสำคัญสำหรับปรับปรุงการค้นหารายการบันทึกนี้,សម្រាប់ប្រើផ្ទៃក្នុងតែប៉ុណ្ណោះ៖ បញ្ចូលពាក្យគន្លឹះដើម្បីធ្វើឱ្យប្រសើរឡើងនូវការរកឃើញនៃកំណត់ត្រានេះតាមរយៈការស្វែងរក។,CHỈ SỬ DỤNG NỘI BỘ: Nhập các từ khóa để cải thiện khả năng khám phá của bộ dữ liệu này thông qua tìm kiếm,အဖွဲ့အတွင်း အသုံးပြုသူများသာ - ရှာဖွေရန် မှတဆင့် ဤမှတ်တမ်းကို ရှာဖွေတွေ့မြင်နိုင်ရန် အဓိကစကားလုံးကို ရိုက်ထည့်ပါ။,ນຳໃຊ້ສະເພາະພາຍໃນເທົ່ານັ້ນ: ກະລຸນາປ້ອນຄຳສັບຫຼັກ ເພື່ອປັບປຸງການຄົ້ນຫາລາຍການນີ້ຜ່ານ 'ປຸ່ມຄົ້ນຫາ'